<?xml version="1.0" encoding="UTF-8"?>
<solver>
  <!--<environmentMode>FAST_ASSERT</environmentMode>-->
  <solutionClass>org.optaplanner.examples.examination.domain.Examination</solutionClass>
  <entityClass>org.optaplanner.examples.examination.domain.Exam</entityClass>
  <entityClass>org.optaplanner.examples.examination.domain.LeadingExam</entityClass>
  <entityClass>org.optaplanner.examples.examination.domain.FollowingExam</entityClass>

  <scoreDirectorFactory>
    <scoreDrl>org/optaplanner/examples/examination/solver/examinationScoreRules.drl</scoreDrl>
    <initializingScoreTrend>ONLY_DOWN</initializingScoreTrend>
  </scoreDirectorFactory>

  <termination>
    <!--
      Official benchmark secondsSpentLimit allowed on:
      - ge0ffrey's main pc: 429
      - ge0ffrey's old pc: 1152
    -->
    <secondsSpentLimit>429</secondsSpentLimit>
    <!--<bestScoreLimit>-0hard/-999999soft</bestScoreLimit>-->
  </termination>
  <constructionHeuristic>
    <queuedEntityPlacer>
      <entitySelector id="placerEntitySelector">
        <entityClass>org.optaplanner.examples.examination.domain.Exam</entityClass>
        <cacheType>PHASE</cacheType>
        <selectionOrder>SORTED</selectionOrder>
        <sorterManner>DECREASING_DIFFICULTY</sorterManner>
      </entitySelector>
      <cartesianProductMoveSelector>
        <changeMoveSelector>
          <entitySelector mimicSelectorRef="placerEntitySelector"/>
          <valueSelector variableName="period">
            <downcastEntityClass>org.optaplanner.examples.examination.domain.LeadingExam</downcastEntityClass>
            <cacheType>PHASE</cacheType>
            <!--<selectionOrder>SORTED</selectionOrder>-->
            <!--<sorterManner>INCREASING_STRENGTH</sorterManner>-->
          </valueSelector>
        </changeMoveSelector>
        <changeMoveSelector>
          <entitySelector mimicSelectorRef="placerEntitySelector"/>
          <valueSelector variableName="room">
            <cacheType>PHASE</cacheType>
            <selectionOrder>SORTED</selectionOrder>
            <sorterManner>INCREASING_STRENGTH</sorterManner>
          </valueSelector>
        </changeMoveSelector>
      </cartesianProductMoveSelector>
    </queuedEntityPlacer>
  </constructionHeuristic>
  <localSearch>
    <unionMoveSelector>
      <cartesianProductMoveSelector>
        <changeMoveSelector>
          <entitySelector id="cartesianProductEntitySelector">
            <entityClass>org.optaplanner.examples.examination.domain.Exam</entityClass>
          </entitySelector>
          <valueSelector variableName="room"/>
        </changeMoveSelector>
        <changeMoveSelector>
          <entitySelector mimicSelectorRef="cartesianProductEntitySelector"/>
          <valueSelector variableName="period">
            <downcastEntityClass>org.optaplanner.examples.examination.domain.LeadingExam</downcastEntityClass>
          </valueSelector>
        </changeMoveSelector>
      </cartesianProductMoveSelector>
      <swapMoveSelector>
        <entitySelector>
          <entityClass>org.optaplanner.examples.examination.domain.LeadingExam</entityClass>
        </entitySelector>
      </swapMoveSelector>
    </unionMoveSelector>
    <acceptor>
      <entityTabuSize>10</entityTabuSize>
    </acceptor>
    <forager>
      <acceptedCountLimit>2000</acceptedCountLimit>
    </forager>
  </localSearch>
</solver>
