<?xml version="1.0" encoding="UTF-8"?>
<solver>
  <!--<environmentMode>FAST_ASSERT</environmentMode>-->
  <solutionClass>org.optaplanner.examples.dinnerparty.domain.DinnerParty</solutionClass>
  <entityClass>org.optaplanner.examples.dinnerparty.domain.SeatDesignation</entityClass>

  <scoreDirectorFactory>
    <scoreDrl>org/optaplanner/examples/dinnerparty/solver/dinnerPartyScoreRules.drl</scoreDrl>
    <scoreDrl>org/optaplanner/examples/dinnerparty/solver/dinnerPartyExtraScoreRules.xls</scoreDrl>
  </scoreDirectorFactory>

  <termination>
    <!--<terminationCompositionStyle>OR</terminationCompositionStyle>-->
    <!--<minutesSpentLimit>1</minutesSpentLimit>-->
    <bestScoreLimit>20</bestScoreLimit>
  </termination>
  <customPhase>
    <customPhaseCommandClass>org.optaplanner.examples.dinnerparty.solver.solution.initializer.DinnerPartySolutionInitializer</customPhaseCommandClass>
  </customPhase>
  <localSearch>
    <swapMoveSelector>
      <cacheType>PHASE</cacheType>
      <selectionOrder>SHUFFLED</selectionOrder>
      <filterClass>org.optaplanner.examples.dinnerparty.solver.move.DifferentGenderSwapMoveFilter</filterClass>
    </swapMoveSelector>
    <acceptor>
      <entityTabuSize>7</entityTabuSize>
    </acceptor>
    <forager>
      <acceptedCountLimit>1000</acceptedCountLimit>
    </forager>
  </localSearch>
</solver>
