<?xml version="1.0" encoding="UTF-8"?>
<solver>
  <!--<environmentMode>FULL_ASSERT</environmentMode>-->

  <!-- Domain model configuration -->
  <solutionClass>org.optaplanner.examples.cheaptime.domain.CheapTimeSolution</solutionClass>
  <entityClass>org.optaplanner.examples.cheaptime.domain.TaskAssignment</entityClass>

  <!-- Score configuration -->
  <scoreDirectorFactory>
    <!--<easyScoreCalculatorClass>org.optaplanner.examples.cheaptime.solver.score.CheapTimeEasyScoreCalculator</easyScoreCalculatorClass>-->
    <incrementalScoreCalculatorClass>org.optaplanner.examples.cheaptime.solver.score.CheapTimeIncrementalScoreCalculator</incrementalScoreCalculatorClass>
    <!--<scoreDrl>org/optaplanner/examples/cheaptime/solver/cheapTimeScoreRules.drl</scoreDrl>-->
    <initializingScoreTrend>ONLY_DOWN</initializingScoreTrend>
    <!--<assertionScoreDirectorFactory>-->
      <!--<easyScoreCalculatorClass>org.optaplanner.examples.cheaptime.solver.score.CheapTimeEasyScoreCalculator</easyScoreCalculatorClass>-->
    <!--</assertionScoreDirectorFactory>-->
  </scoreDirectorFactory>

  <!-- Optimization algorithms configuration -->
  <termination>
    <minutesSpentLimit>5</minutesSpentLimit>
  </termination>
  <constructionHeuristic>
    <constructionHeuristicType>FIRST_FIT_DECREASING</constructionHeuristicType>
    <forager>
      <pickEarlyType>FIRST_FEASIBLE_SCORE_OR_NON_DETERIORATING_HARD</pickEarlyType>
    </forager>
  </constructionHeuristic>
  <localSearch>
    <unionMoveSelector>
      <changeMoveSelector>
        <valueSelector variableName="startPeriod"/>
      </changeMoveSelector>
      <changeMoveSelector>
        <valueSelector variableName="machine"/>
      </changeMoveSelector>
      <swapMoveSelector/>
      <!--<moveIteratorFactory>-->
        <!--<moveIteratorFactoryClass>org.optaplanner.examples.cheaptime.solver.move.factory.CheapTimePillarSlideMoveIteratorFactory</moveIteratorFactoryClass>-->
      <!--</moveIteratorFactory>-->
    </unionMoveSelector>
    <acceptor>
      <lateAcceptanceSize>400</lateAcceptanceSize>
    </acceptor>
    <forager>
      <acceptedCountLimit>1</acceptedCountLimit>
    </forager>
  </localSearch>
</solver>
