<?xml version="1.0" encoding="UTF-8"?>
<solver>
  <!--<environmentMode>FULL_ASSERT</environmentMode>-->
  <solutionClass>org.optaplanner.examples.coachshuttlegathering.domain.CoachShuttleGatheringSolution</solutionClass>
  <entityClass>org.optaplanner.examples.coachshuttlegathering.domain.BusOrStop</entityClass>
  <entityClass>org.optaplanner.examples.coachshuttlegathering.domain.StopOrHub</entityClass>
  <entityClass>org.optaplanner.examples.coachshuttlegathering.domain.BusStop</entityClass>
  <entityClass>org.optaplanner.examples.coachshuttlegathering.domain.Shuttle</entityClass>

  <scoreDirectorFactory>
    <!--<easyScoreCalculatorClass>org.optaplanner.examples.coachshuttlegathering.solver.CoachShuttleGatheringEasyScoreCalculator</easyScoreCalculatorClass>-->
    <!--<incrementalScoreCalculatorClass>org.optaplanner.examples.coachshuttlegathering.solver.score.CoachShuttleGatheringIncrementalScoreCalculator</incrementalScoreCalculatorClass>-->
    <scoreDrl>org/optaplanner/examples/coachshuttlegathering/solver/coachShuttleGatheringScoreRules.drl</scoreDrl>
    <!--<assertionScoreDirectorFactory>-->
      <!--<easyScoreCalculatorClass>org.optaplanner.examples.coachshuttlegathering.solver.CoachShuttleGatheringEasyScoreCalculator</easyScoreCalculatorClass>-->
    <!--</assertionScoreDirectorFactory>-->
    <initializingScoreTrend>ONLY_DOWN</initializingScoreTrend>
  </scoreDirectorFactory>

  <termination>
    <minutesSpentLimit>5</minutesSpentLimit>
  </termination>

  <constructionHeuristic>
    <queuedEntityPlacer>
      <entitySelector id="placerEntitySelector">
        <cacheType>PHASE</cacheType>
        <selectionOrder>SORTED</selectionOrder>
        <sorterManner>DECREASING_DIFFICULTY</sorterManner>
        <entityClass>org.optaplanner.examples.coachshuttlegathering.domain.BusStop</entityClass>
      </entitySelector>
      <changeMoveSelector>
        <entitySelector mimicSelectorRef="placerEntitySelector"/>
      </changeMoveSelector>
    </queuedEntityPlacer>
  </constructionHeuristic>
  <!-- TODO Start with fixed value CH for destination variable before other CH. Currently done in Importer -->
  <!--<constructionHeuristic>-->
    <!--<queuedEntityPlacer>-->
      <!--<entitySelector id="placerEntitySelector">-->
        <!--<cacheType>PHASE</cacheType>-->
        <!--<selectionOrder>SORTED</selectionOrder>-->
        <!--<sorterManner>DECREASING_DIFFICULTY</sorterManner>-->
        <!--<entityClass>org.optaplanner.examples.coachshuttlegathering.domain.Shuttle</entityClass>-->
      <!--</entitySelector>-->
      <!--<changeMoveSelector>-->
        <!--<entitySelector mimicSelectorRef="placerEntitySelector"/>-->
      <!--</changeMoveSelector>-->
    <!--</queuedEntityPlacer>-->
  <!--</constructionHeuristic>-->
  <localSearch>
    <unionMoveSelector>
      <changeMoveSelector>
        <entitySelector>
          <entityClass>org.optaplanner.examples.coachshuttlegathering.domain.BusStop</entityClass>
        </entitySelector>
      </changeMoveSelector>
      <swapMoveSelector>
        <entitySelector>
          <entityClass>org.optaplanner.examples.coachshuttlegathering.domain.BusStop</entityClass>
        </entitySelector>
      </swapMoveSelector>
      <tailChainSwapMoveSelector>
        <entitySelector>
          <entityClass>org.optaplanner.examples.coachshuttlegathering.domain.BusStop</entityClass>
        </entitySelector>
      </tailChainSwapMoveSelector>
      <!--<subChainChangeMoveSelector>-->
        <!--<entitySelector>-->
          <!--<entityClass>org.optaplanner.examples.coachshuttlegathering.domain.BusStop</entityClass>-->
        <!--</entitySelector>-->
        <!--<selectReversingMoveToo>true</selectReversingMoveToo>-->
      <!--</subChainChangeMoveSelector>-->
      <!--<subChainSwapMoveSelector>-->
        <!--<entitySelector>-->
          <!--<entityClass>org.optaplanner.examples.coachshuttlegathering.domain.BusStop</entityClass>-->
        <!--</entitySelector>-->
        <!--<selectReversingMoveToo>true</selectReversingMoveToo>-->
      <!--</subChainSwapMoveSelector>-->
      <changeMoveSelector>
        <entitySelector>
          <entityClass>org.optaplanner.examples.coachshuttlegathering.domain.Shuttle</entityClass>
        </entitySelector>
      </changeMoveSelector>
    </unionMoveSelector>
    <acceptor>
      <lateAcceptanceSize>200</lateAcceptanceSize>
    </acceptor>
    <forager>
      <acceptedCountLimit>1</acceptedCountLimit>
    </forager>
  </localSearch>
</solver>
